epoch,accuracy,loss
0,0.79875517,33.82988540784947
0,0.46887967,314.4385927562521
